{
    "loss": 1.2008755207061768,
    "accuracy": 0.8885036110877991
}